itinerary,leg_pos,row_number,record_serial,carrier,flight_number,operational_suffix,itinerary_var_id,itinerary_var_overflow,leg_sequence_number,service_type,operating_carrier,operating_flight_number,departure_station,arrival_station
1,1,90072,650352,UA,2240, ,7, ,1,J,UA,2240,DEN,LAX
2,1,31699,228400,UA,1013, ,3, ,1,J,UA,1013,DEN,LAX
3,1,40026,286090,UA,1252, ,5, ,1,J,UA,1252,DEN,LAX
4,1,37657,269152,UA,1195, ,6, ,2,J,UA,1195,DEN,LAX
5,1,59047,423866,UA,1638, ,5, ,1,J,UA,1638,DEN,LAX
6,1,10079,71996,UA,405, ,5, ,1,J,UA,405,DEN,LAX
7,1,21439,154772,UA,638, ,2, ,1,J,UA,638,DEN,LAX
8,1,16281,117414,UA,531, ,4, ,2,J,UA,531,DEN,LAX
9,1,20492,147743,UA,618, ,11, ,1,J,UA,618,DEN,LAS
9,2,92803,670256,UA,2282, ,20, ,1,J,UA,2282,LAS,LAX
10,1,41090,293429,UA,1281, ,12, ,3,J,UA,1281,DEN,SAN
10,2,145956,64561,UA,5533, ,4, ,1,J,UA,5533,SAN,LAX
11,1,138399,5255,UA,5050, ,5, ,1,J,UA,5050,DEN,PRC
11,2,138565,6467,UA,5065, ,2, ,1,J,UA,5065,PRC,LAX
12,1,144878,56168,UA,5469, ,5, ,1,J,UA,5469,DEN,PSP
12,2,147848,79710,UA,5626, ,6, ,1,J,UA,5626,PSP,LAX
13,1,138450,5632,UA,5054, ,4, ,1,J,UA,5054,DEN,SGU
13,2,139302,12020,UA,5123, ,4, ,1,J,UA,5123,SGU,LAX
14,1,21167,152739,UA,631, ,12, ,2,J,UA,631,DEN,PHX
14,2,147720,78687,UA,5619, ,3, ,1,J,UA,5619,PHX,LAX
15,1,139530,13734,UA,5212, ,2, ,1,J,UA,5212,DEN,FAT
15,2,141330,27752,UA,5307, ,4, ,1,J,UA,5307,FAT,LAX
16,1,107024,775115,UA,2633, ,2, ,1,J,UA,2633,DEN,SFO
16,2,34108,244241,UA,1097, ,19, ,3,J,UA,1097,SFO,LAX
17,1,144082,49808,UA,5438, ,5, ,1,J,UA,5438,DEN,MRY
17,2,145154,58340,UA,5486, ,6, ,1,J,UA,5486,MRY,LAX
18,1,146798,71292,UA,5572, ,4, ,1,J,UA,5572,DEN,SLC
18,2,145119,58068,UA,5484, ,3, ,1,J,UA,5484,SLC,LAX
19,1,19578,141280,UA,593, ,14, ,1,J,UA,593,DEN,SAN
19,2,143009,41190,UA,5384, ,6, ,1,J,UA,5384,SAN,LAX
20,1,50831,364375,UA,1481, ,2, ,1,J,UA,1481,DEN,PHX
20,2,147634,78000,UA,5614, ,5, ,1,J,UA,5614,PHX,LAX
21,1,107024,775115,UA,2633, ,2, ,1,J,UA,2633,DEN,SFO
21,2,67390,484821,UA,1800, ,16, ,1,J,UA,1800,SFO,LAX
22,1,39005,278850,UA,1224, ,7, ,1,J,UA,1224,DEN,SFO
22,2,86510,623990,UA,2179, ,18, ,3,J,UA,2179,SFO,LAX
23,1,97291,703511,UA,2367, ,12, ,1,J,UA,2367,DEN,SFO
23,2,133210,966548,UA,4656, ,8, ,1,J,UA,4656,SFO,LAX
24,1,115,792,UA,9, ,2, ,2,J,UA,9,DEN,SFO
24,2,150984,104443,UA,5794, ,7, ,1,J,UA,5794,SFO,LAX
25,1,25450,184299,UA,716, ,12, ,1,J,UA,716,DEN,LAS
25,2,92803,670256,UA,2282, ,20, ,1,J,UA,2282,LAS,LAX
26,1,106655,772449,UA,2624, ,4, ,1,J,UA,2624,DEN,LAS
26,2,58607,420737,UA,1631, ,18, ,1,J,UA,1631,LAS,LAX
27,1,57371,411963,UA,1604, ,9, ,1,J,UA,1604,DEN,RNO
27,2,152663,117791,UA,5908, ,4, ,1,J,UA,5908,RNO,LAX
28,1,107024,775115,UA,2633, ,2, ,1,J,UA,2633,DEN,SFO
28,2,150397,99861,UA,5759, ,6, ,1,J,UA,5759,SFO,LAX
29,1,56851,408231,UA,1594, ,9, ,1,J,UA,1594,DEN,PSP
29,2,147848,79710,UA,5626, ,6, ,1,J,UA,5626,PSP,LAX
30,1,14294,102837,UA,493, ,4, ,1,J,UA,493,DEN,LAS
30,2,147583,77586,UA,5612, ,18, ,1,J,UA,5612,LAS,LAX
31,1,60890,436779,UA,1686, ,2, ,1,J,UA,1686,DEN,PHX
31,2,147720,78687,UA,5619, ,3, ,1,J,UA,5619,PHX,LAX
32,1,31989,230320,UA,1026, ,4, ,2,J,UA,1026,DEN,AUS
32,2,3063,20635,UA,245, ,3, ,1,J,UA,245,AUS,LAX
33,1,67915,488547,UA,1812, ,3, ,1,J,UA,1812,DEN,SFO
33,2,34108,244241,UA,1097, ,19, ,3,J,UA,1097,SFO,LAX
34,1,115,792,UA,9, ,2, ,2,J,UA,9,DEN,SFO
34,2,86510,623990,UA,2179, ,18, ,3,J,UA,2179,SFO,LAX
35,1,107024,775115,UA,2633, ,2, ,1,J,UA,2633,DEN,SFO
35,2,150984,104443,UA,5794, ,7, ,1,J,UA,5794,SFO,LAX
36,1,67915,488547,UA,1812, ,3, ,1,J,UA,1812,DEN,SFO
36,2,67390,484821,UA,1800, ,16, ,1,J,UA,1800,SFO,LAX
37,1,98615,713253,UA,2391, ,13, ,1,J,UA,2391,DEN,SFO
37,2,52675,377957,UA,1506, ,19, ,2,J,UA,1506,SFO,LAX
38,1,4866,33571,UA,294, ,1, ,1,J,UA,294,DEN,SJD
38,2,41291,294870,UA,1286, ,1, ,1,J,UA,1286,SJD,LAX
39,1,20529,147998,UA,619, ,5, ,1,J,UA,619,DEN,SBA
39,2,148287,83130,UA,5647, ,2, ,1,J,UA,5647,SBA,LAX
40,1,12421,89010,UA,456, ,10, ,1,J,UA,456,DEN,AUS
40,2,3063,20635,UA,245, ,3, ,1,J,UA,245,AUS,LAX
41,1,84984,612745,UA,2149, ,4, ,1,J,UA,2149,DEN,SMF
41,2,65074,467660,UA,1759, ,2, ,1,J,UA,1759,SMF,LAX
42,1,91853,663223,UA,2271, ,4, ,1,J,UA,2271,DEN,SEA
42,2,148535,85102,UA,5659, ,3, ,1,J,UA,5659,SEA,LAX
43,1,14294,102837,UA,493, ,4, ,1,J,UA,493,DEN,LAS
43,2,92803,670256,UA,2282, ,20, ,1,J,UA,2282,LAS,LAX
44,1,135216,982230,UA,4765, ,4, ,1,J,UA,4765,DEN,SBP
44,2,149854,95563,UA,5731, ,2, ,1,J,UA,5731,SBP,LAX
45,1,56807,407922,UA,1593, ,14, ,2,J,UA,1593,DEN,PHX
45,2,147720,78687,UA,5619, ,3, ,1,J,UA,5619,PHX,LAX
46,1,67915,488547,UA,1812, ,3, ,1,J,UA,1812,DEN,SFO
46,2,150397,99861,UA,5759, ,6, ,1,J,UA,5759,SFO,LAX
47,1,73911,531418,UA,1940, ,2, ,2,J,UA,1940,DEN,SAN
47,2,145956,64561,UA,5533, ,4, ,1,J,UA,5533,SAN,LAX
48,1,41572,296830,UA,1294, ,2, ,1,J,UA,1294,DEN,PSP
48,2,147848,79710,UA,5626, ,6, ,1,J,UA,5626,PSP,LAX
49,1,55224,396294,UA,1561, ,13, ,1,J,UA,1561,DEN,SFO
49,2,34108,244241,UA,1097, ,19, ,3,J,UA,1097,SFO,LAX
50,1,135066,981074,UA,4756, ,3, ,1,J,UA,4756,DEN,SLC
50,2,145119,58068,UA,5484, ,3, ,1,J,UA,5484,SLC,LAX
51,1,107024,775115,UA,2633, ,2, ,1,J,UA,2633,DEN,SFO
51,2,86510,623990,UA,2179, ,18, ,3,J,UA,2179,SFO,LAX
52,1,55224,396294,UA,1561, ,13, ,1,J,UA,1561,DEN,SFO
52,2,67390,484821,UA,1800, ,16, ,1,J,UA,1800,SFO,LAX
53,1,67915,488547,UA,1812, ,3, ,1,J,UA,1812,DEN,SFO
53,2,150984,104443,UA,5794, ,7, ,1,J,UA,5794,SFO,LAX
54,1,28035,202871,UA,769, ,11, ,2,J,UA,769,DEN,SEA
54,2,144802,55553,UA,5467, ,4, ,1,J,UA,5467,SEA,LAX
55,1,106655,772449,UA,2624, ,4, ,1,J,UA,2624,DEN,LAS
55,2,147583,77586,UA,5612, ,18, ,1,J,UA,5612,LAS,LAX
56,1,97291,703511,UA,2367, ,12, ,1,J,UA,2367,DEN,SFO
56,2,52675,377957,UA,1506, ,19, ,2,J,UA,1506,SFO,LAX
57,1,50831,364375,UA,1481, ,2, ,1,J,UA,1481,DEN,PHX
57,2,147720,78687,UA,5619, ,3, ,1,J,UA,5619,PHX,LAX
58,1,55224,396294,UA,1561, ,13, ,1,J,UA,1561,DEN,SFO
58,2,150397,99861,UA,5759, ,6, ,1,J,UA,5759,SFO,LAX
59,1,85851,619140,UA,2167, ,6, ,2,J,UA,2167,DEN,RNO
59,2,152663,117791,UA,5908, ,4, ,1,J,UA,5908,RNO,LAX
60,1,83770,603542,UA,2123, ,8, ,2,J,UA,2123,DEN,SFO
60,2,149172,90104,UA,5690, ,13, ,1,J,UA,5690,SFO,LAX
61,1,69131,497378,UA,1835, ,3, ,1,J,UA,1835,DEN,SAN
61,2,134418,975996,UA,4723, ,3, ,1,J,UA,4723,SAN,LAX
62,1,39606,283244,UA,1236, ,12, ,2,J,UA,1236,DEN,PHX
62,2,146845,71672,UA,5575, ,6, ,1,J,UA,5575,PHX,LAX
63,1,67915,488547,UA,1812, ,3, ,1,J,UA,1812,DEN,SFO
63,2,86510,623990,UA,2179, ,18, ,3,J,UA,2179,SFO,LAX
64,1,152835,119156,UA,5923, ,1, ,1,J,UA,5923,DEN,BOI
64,2,134581,977269,UA,4730, ,5, ,1,J,UA,4730,BOI,LAX
65,1,55224,396294,UA,1561, ,13, ,1,J,UA,1561,DEN,SFO
65,2,150984,104443,UA,5794, ,7, ,1,J,UA,5794,SFO,LAX
66,1,74060,532559,UA,1943, ,10, ,1,J,UA,1943,DEN,AUS
66,2,7551,53305,UA,357, ,9, ,1,J,UA,357,AUS,LAX
67,1,146798,71292,UA,5572, ,4, ,1,J,UA,5572,DEN,SLC
67,2,149875,95730,UA,5732, ,8, ,1,J,UA,5732,SLC,SFO
67,3,34108,244241,UA,1097, ,19, ,3,J,UA,1097,SFO,LAX
68,1,14294,102837,UA,493, ,4, ,1,J,UA,493,DEN,LAS
68,2,79373,571223,UA,2047, ,19, ,2,J,UA,2047,LAS,SFO
68,3,34108,244241,UA,1097, ,19, ,3,J,UA,1097,SFO,LAX
69,1,21167,152739,UA,631, ,12, ,2,J,UA,631,DEN,PHX
69,2,50112,359732,UA,1458, ,1, ,2,J,UA,1458,PHX,SFO
69,3,34108,244241,UA,1097, ,19, ,3,J,UA,1097,SFO,LAX
70,1,20492,147743,UA,618, ,11, ,1,J,UA,618,DEN,LAS
70,2,40603,290123,UA,1267, ,6, ,1,J,UA,1267,LAS,SFO
70,3,86510,623990,UA,2179, ,18, ,3,J,UA,2179,SFO,LAX
71,1,146798,71292,UA,5572, ,4, ,1,J,UA,5572,DEN,SLC
71,2,149875,95730,UA,5732, ,8, ,1,J,UA,5732,SLC,SFO
71,3,67390,484821,UA,1800, ,16, ,1,J,UA,1800,SFO,LAX
72,1,57371,411963,UA,1604, ,9, ,1,J,UA,1604,DEN,RNO
72,2,140642,22445,UA,5264, ,11, ,1,J,UA,5264,RNO,SFO
72,3,150984,104443,UA,5794, ,7, ,1,J,UA,5794,SFO,LAX
73,1,25450,184299,UA,716, ,12, ,1,J,UA,716,DEN,LAS
73,2,57289,411341,UA,1603, ,11, ,1,J,UA,1603,LAS,SFO
73,3,150984,104443,UA,5794, ,7, ,1,J,UA,5794,SFO,LAX
74,1,150473,100497,UA,5762, ,4, ,1,J,UA,5762,DEN,SLC
74,2,86764,625963,UA,2181, ,5, ,1,J,UA,2181,SLC,SFO
74,3,86510,623990,UA,2179, ,18, ,3,J,UA,2179,SFO,LAX
75,1,152871,119444,UA,5927, ,5, ,1,J,UA,5927,DEN,BOI
75,2,134635,977675,UA,4733, ,6, ,1,J,UA,4733,BOI,SFO
75,3,52675,377957,UA,1506, ,19, ,2,J,UA,1506,SFO,LAX
76,1,14294,102837,UA,493, ,4, ,1,J,UA,493,DEN,LAS
76,2,79373,571223,UA,2047, ,19, ,2,J,UA,2047,LAS,SFO
76,3,67390,484821,UA,1800, ,16, ,1,J,UA,1800,SFO,LAX
77,1,21167,152739,UA,631, ,12, ,2,J,UA,631,DEN,PHX
77,2,50112,359732,UA,1458, ,1, ,2,J,UA,1458,PHX,SFO
77,3,67390,484821,UA,1800, ,16, ,1,J,UA,1800,SFO,LAX
78,1,97291,703511,UA,2367, ,12, ,1,J,UA,2367,DEN,SFO
78,2,143178,42486,UA,5394, ,9, ,1,J,UA,5394,SFO,RNO
78,3,141795,31494,UA,5328, ,10, ,1,J,UA,5328,RNO,LAX
79,1,84984,612745,UA,2149, ,4, ,1,J,UA,2149,DEN,SMF
79,2,140253,19304,UA,5248, ,2, ,1,J,UA,5248,SMF,SFO
79,3,52675,377957,UA,1506, ,19, ,2,J,UA,1506,SFO,LAX
80,1,98615,713253,UA,2391, ,13, ,1,J,UA,2391,DEN,SFO
80,2,20385,147023,UA,611, ,16, ,2,J,UA,611,SFO,LAS
80,3,58607,420737,UA,1631, ,18, ,1,J,UA,1631,LAS,LAX
81,1,50831,364375,UA,1481, ,2, ,1,J,UA,1481,DEN,PHX
81,2,106377,770439,UA,2619, ,8, ,1,J,UA,2619,PHX,SFO
81,3,52675,377957,UA,1506, ,19, ,2,J,UA,1506,SFO,LAX
82,1,19578,141280,UA,593, ,14, ,1,J,UA,593,DEN,SAN
82,2,94364,681971,UA,2309, ,5, ,1,J,UA,2309,SAN,SFO
82,3,52675,377957,UA,1506, ,19, ,2,J,UA,1506,SFO,LAX
83,1,154537,132603,UA,6045, ,1, ,1,J,UA,6045,DEN,BOI
83,2,135011,980617,UA,4753, ,2, ,1,J,UA,4753,BOI,SFO
83,3,150984,104443,UA,5794, ,7, ,1,J,UA,5794,SFO,LAX
84,1,146798,71292,UA,5572, ,4, ,1,J,UA,5572,DEN,SLC
84,2,149875,95730,UA,5732, ,8, ,1,J,UA,5732,SLC,SFO
84,3,150397,99861,UA,5759, ,6, ,1,J,UA,5759,SFO,LAX
85,1,98615,713253,UA,2391, ,13, ,1,J,UA,2391,DEN,SFO
85,2,153324,123032,UA,5958, ,2, ,1,J,UA,5958,SFO,FAT
85,3,141330,27752,UA,5307, ,4, ,1,J,UA,5307,FAT,LAX
86,1,67915,488547,UA,1812, ,3, ,1,J,UA,1812,DEN,SFO
86,2,27047,195832,UA,751, ,16, ,1,J,UA,751,SFO,LAS
86,3,92803,670256,UA,2282, ,20, ,1,J,UA,2282,LAS,LAX
87,1,14294,102837,UA,493, ,4, ,1,J,UA,493,DEN,LAS
87,2,79373,571223,UA,2047, ,19, ,2,J,UA,2047,LAS,SFO
87,3,150397,99861,UA,5759, ,6, ,1,J,UA,5759,SFO,LAX
88,1,21167,152739,UA,631, ,12, ,2,J,UA,631,DEN,PHX
88,2,50112,359732,UA,1458, ,1, ,2,J,UA,1458,PHX,SFO
88,3,150397,99861,UA,5759, ,6, ,1,J,UA,5759,SFO,LAX
89,1,67915,488547,UA,1812, ,3, ,1,J,UA,1812,DEN,SFO
89,2,144677,54570,UA,5461, ,7, ,1,J,UA,5461,SFO,RNO
89,3,152663,117791,UA,5908, ,4, ,1,J,UA,5908,RNO,LAX
90,1,98615,713253,UA,2391, ,13, ,1,J,UA,2391,DEN,SFO
90,2,98616,713261,UA,2391, ,13, ,2,J,UA,2391,SFO,SAN
90,3,145956,64561,UA,5533, ,4, ,1,J,UA,5533,SAN,LAX
91,1,141175,26546,UA,5298, ,2, ,1,J,UA,5298,DEN,PSC
91,2,146900,72088,UA,5578, ,2, ,1,J,UA,5578,PSC,SFO
91,3,34108,244241,UA,1097, ,19, ,3,J,UA,1097,SFO,LAX
92,1,21744,156972,UA,644, ,10, ,2,J,UA,644,DEN,PDX
92,2,153000,120474,UA,5938, ,7, ,1,J,UA,5938,PDX,SFO
92,3,34108,244241,UA,1097, ,19, ,3,J,UA,1097,SFO,LAX
93,1,48487,348223,UA,1415, ,6, ,1,J,UA,1415,DEN,SMF
93,2,151754,110540,UA,5840, ,3, ,1,J,UA,5840,SMF,SFO
93,3,34108,244241,UA,1097, ,19, ,3,J,UA,1097,SFO,LAX
94,1,153413,123726,UA,5964, ,3, ,1,J,UA,5964,DEN,BIH
94,2,146581,69554,UA,5560, ,3, ,1,J,UA,5560,BIH,SFO
94,3,34108,244241,UA,1097, ,19, ,3,J,UA,1097,SFO,LAX
95,1,57371,411963,UA,1604, ,9, ,1,J,UA,1604,DEN,RNO
95,2,140642,22445,UA,5264, ,11, ,1,J,UA,5264,RNO,SFO
95,3,86510,623990,UA,2179, ,18, ,3,J,UA,2179,SFO,LAX
96,1,25450,184299,UA,716, ,12, ,1,J,UA,716,DEN,LAS
96,2,40603,290123,UA,1267, ,6, ,1,J,UA,1267,LAS,SFO
96,3,86510,623990,UA,2179, ,18, ,3,J,UA,2179,SFO,LAX
97,1,25450,184299,UA,716, ,12, ,1,J,UA,716,DEN,LAS
97,2,57289,411341,UA,1603, ,11, ,1,J,UA,1603,LAS,SFO
97,3,86510,623990,UA,2179, ,18, ,3,J,UA,2179,SFO,LAX
98,1,40149,286977,UA,1254, ,12, ,1,J,UA,1254,DEN,PHX
98,2,76457,550411,UA,1986, ,19, ,1,J,UA,1986,PHX,SFO
98,3,86510,623990,UA,2179, ,18, ,3,J,UA,2179,SFO,LAX
99,1,41090,293429,UA,1281, ,12, ,3,J,UA,1281,DEN,SAN
99,2,92232,666034,UA,2278, ,17, ,1,J,UA,2278,SAN,SFO
99,3,86510,623990,UA,2179, ,18, ,3,J,UA,2179,SFO,LAX
100,1,60890,436779,UA,1686, ,2, ,1,J,UA,1686,DEN,PHX
100,2,50112,359732,UA,1458, ,1, ,2,J,UA,1458,PHX,SFO
100,3,34108,244241,UA,1097, ,19, ,3,J,UA,1097,SFO,LAX
101,1,38251,273441,UA,1208, ,10, ,1,J,UA,1208,DEN,SMF
101,2,153366,123359,UA,5961, ,6, ,1,J,UA,5961,SMF,SFO
101,3,86510,623990,UA,2179, ,18, ,3,J,UA,2179,SFO,LAX
102,1,77839,560254,UA,2013, ,7, ,3,J,UA,2013,DEN,SEA
102,2,26295,190326,UA,737, ,21, ,1,J,UA,737,SEA,SFO
102,3,86510,623990,UA,2179, ,18, ,3,J,UA,2179,SFO,LAX
103,1,146413,68207,UA,5554, ,2, ,1,J,UA,5554,DEN,SUN
103,2,135681,985937,UA,4788, ,2, ,1,J,UA,4788,SUN,SFO
103,3,34108,244241,UA,1097, ,19, ,3,J,UA,1097,SFO,LAX
104,1,134019,972886,UA,4701, ,5, ,1,J,UA,4701,DEN,RDD
104,2,144530,53411,UA,5452, ,5, ,1,J,UA,5452,RDD,SFO
104,3,34108,244241,UA,1097, ,19, ,3,J,UA,1097,SFO,LAX
105,1,43849,313504,UA,1337, ,8, ,1,J,UA,1337,DEN,PDX
105,2,106206,769184,UA,2615, ,10, ,1,J,UA,2615,PDX,SFO
105,3,86510,623990,UA,2179, ,18, ,3,J,UA,2179,SFO,LAX
106,1,148378,83845,UA,5651, ,8, ,1,J,UA,5651,DEN,TUS
106,2,154002,128370,UA,6006, ,4, ,1,J,UA,6006,TUS,SFO
106,3,86510,623990,UA,2179, ,18, ,3,J,UA,2179,SFO,LAX
107,1,85851,619140,UA,2167, ,6, ,2,J,UA,2167,DEN,RNO
107,2,79181,569877,UA,2042, ,19, ,1,J,UA,2042,RNO,SFO
107,3,34108,244241,UA,1097, ,19, ,3,J,UA,1097,SFO,LAX
108,1,85851,619140,UA,2167, ,6, ,2,J,UA,2167,DEN,RNO
108,2,135486,984392,UA,4779, ,5, ,1,J,UA,4779,RNO,SFO
108,3,34108,244241,UA,1097, ,19, ,3,J,UA,1097,SFO,LAX
109,1,145458,60702,UA,5506, ,3, ,1,J,UA,5506,DEN,ACV
109,2,133183,966334,UA,4655, ,3, ,1,J,UA,4655,ACV,SFO
109,3,34108,244241,UA,1097, ,19, ,3,J,UA,1097,SFO,LAX
110,1,145458,60702,UA,5506, ,3, ,1,J,UA,5506,DEN,ACV
110,2,146046,65281,UA,5539, ,4, ,1,J,UA,5539,ACV,SFO
110,3,34108,244241,UA,1097, ,19, ,3,J,UA,1097,SFO,LAX
111,1,141175,26546,UA,5298, ,2, ,1,J,UA,5298,DEN,PSC
111,2,146900,72088,UA,5578, ,2, ,1,J,UA,5578,PSC,SFO
111,3,67390,484821,UA,1800, ,16, ,1,J,UA,1800,SFO,LAX
112,1,21744,156972,UA,644, ,10, ,2,J,UA,644,DEN,PDX
112,2,153000,120474,UA,5938, ,7, ,1,J,UA,5938,PDX,SFO
112,3,67390,484821,UA,1800, ,16, ,1,J,UA,1800,SFO,LAX
113,1,73911,531418,UA,1940, ,2, ,2,J,UA,1940,DEN,SAN
113,2,83293,600069,UA,2117, ,9, ,1,J,UA,2117,SAN,SFO
113,3,34108,244241,UA,1097, ,19, ,3,J,UA,1097,SFO,LAX
114,1,81374,585911,UA,2082, ,4, ,1,J,UA,2082,DEN,RDM
114,2,91430,660243,UA,2262, ,2, ,1,J,UA,2262,RDM,SFO
114,3,34108,244241,UA,1097, ,19, ,3,J,UA,1097,SFO,LAX
115,1,5878,40686,UA,318, ,5, ,1,J,UA,318,DEN,EUG
115,2,81106,583907,UA,2077, ,6, ,1,J,UA,2077,EUG,SFO
115,3,34108,244241,UA,1097, ,19, ,3,J,UA,1097,SFO,LAX
116,1,48487,348223,UA,1415, ,6, ,1,J,UA,1415,DEN,SMF
116,2,151754,110540,UA,5840, ,3, ,1,J,UA,5840,SMF,SFO
116,3,67390,484821,UA,1800, ,16, ,1,J,UA,1800,SFO,LAX
117,1,135705,986118,UA,4789, ,4, ,1,J,UA,4789,DEN,MFR
117,2,135559,984969,UA,4782, ,5, ,1,J,UA,4782,MFR,SFO
117,3,34108,244241,UA,1097, ,19, ,3,J,UA,1097,SFO,LAX
118,1,153413,123726,UA,5964, ,3, ,1,J,UA,5964,DEN,BIH
118,2,146581,69554,UA,5560, ,3, ,1,J,UA,5560,BIH,SFO
118,3,67390,484821,UA,1800, ,16, ,1,J,UA,1800,SFO,LAX
119,1,154537,132603,UA,6045, ,1, ,1,J,UA,6045,DEN,BOI
119,2,135011,980617,UA,4753, ,2, ,1,J,UA,4753,BOI,SFO
119,3,86510,623990,UA,2179, ,18, ,3,J,UA,2179,SFO,LAX
120,1,96630,698831,UA,2348, ,11, ,2,J,UA,2348,DEN,SLC
120,2,86764,625963,UA,2181, ,5, ,1,J,UA,2181,SLC,SFO
120,3,86510,623990,UA,2179, ,18, ,3,J,UA,2179,SFO,LAX
121,1,60890,436779,UA,1686, ,2, ,1,J,UA,1686,DEN,PHX
121,2,50112,359732,UA,1458, ,1, ,2,J,UA,1458,PHX,SFO
121,3,67390,484821,UA,1800, ,16, ,1,J,UA,1800,SFO,LAX
122,1,146413,68207,UA,5554, ,2, ,1,J,UA,5554,DEN,SUN
122,2,135681,985937,UA,4788, ,2, ,1,J,UA,4788,SUN,SFO
122,3,67390,484821,UA,1800, ,16, ,1,J,UA,1800,SFO,LAX
123,1,146798,71292,UA,5572, ,4, ,1,J,UA,5572,DEN,SLC
123,2,149875,95730,UA,5732, ,8, ,1,J,UA,5732,SLC,SFO
123,3,150984,104443,UA,5794, ,7, ,1,J,UA,5794,SFO,LAX
124,1,134019,972886,UA,4701, ,5, ,1,J,UA,4701,DEN,RDD
124,2,144530,53411,UA,5452, ,5, ,1,J,UA,5452,RDD,SFO
124,3,67390,484821,UA,1800, ,16, ,1,J,UA,1800,SFO,LAX
125,1,85851,619140,UA,2167, ,6, ,2,J,UA,2167,DEN,RNO
125,2,79181,569877,UA,2042, ,19, ,1,J,UA,2042,RNO,SFO
125,3,67390,484821,UA,1800, ,16, ,1,J,UA,1800,SFO,LAX
126,1,85851,619140,UA,2167, ,6, ,2,J,UA,2167,DEN,RNO
126,2,135486,984392,UA,4779, ,5, ,1,J,UA,4779,RNO,SFO
126,3,67390,484821,UA,1800, ,16, ,1,J,UA,1800,SFO,LAX
127,1,145458,60702,UA,5506, ,3, ,1,J,UA,5506,DEN,ACV
127,2,133183,966334,UA,4655, ,3, ,1,J,UA,4655,ACV,SFO
127,3,67390,484821,UA,1800, ,16, ,1,J,UA,1800,SFO,LAX
128,1,145458,60702,UA,5506, ,3, ,1,J,UA,5506,DEN,ACV
128,2,146046,65281,UA,5539, ,4, ,1,J,UA,5539,ACV,SFO
128,3,67390,484821,UA,1800, ,16, ,1,J,UA,1800,SFO,LAX
129,1,73911,531418,UA,1940, ,2, ,2,J,UA,1940,DEN,SAN
129,2,83293,600069,UA,2117, ,9, ,1,J,UA,2117,SAN,SFO
129,3,67390,484821,UA,1800, ,16, ,1,J,UA,1800,SFO,LAX
130,1,81374,585911,UA,2082, ,4, ,1,J,UA,2082,DEN,RDM
130,2,91430,660243,UA,2262, ,2, ,1,J,UA,2262,RDM,SFO
130,3,67390,484821,UA,1800, ,16, ,1,J,UA,1800,SFO,LAX
131,1,5878,40686,UA,318, ,5, ,1,J,UA,318,DEN,EUG
131,2,81106,583907,UA,2077, ,6, ,1,J,UA,2077,EUG,SFO
131,3,67390,484821,UA,1800, ,16, ,1,J,UA,1800,SFO,LAX
132,1,135705,986118,UA,4789, ,4, ,1,J,UA,4789,DEN,MFR
132,2,135559,984969,UA,4782, ,5, ,1,J,UA,4782,MFR,SFO
132,3,67390,484821,UA,1800, ,16, ,1,J,UA,1800,SFO,LAX
133,1,14294,102837,UA,493, ,4, ,1,J,UA,493,DEN,LAS
133,2,57289,411341,UA,1603, ,11, ,1,J,UA,1603,LAS,SFO
133,3,150984,104443,UA,5794, ,7, ,1,J,UA,5794,SFO,LAX
134,1,14294,102837,UA,493, ,4, ,1,J,UA,493,DEN,LAS
134,2,79373,571223,UA,2047, ,19, ,2,J,UA,2047,LAS,SFO
134,3,150984,104443,UA,5794, ,7, ,1,J,UA,5794,SFO,LAX
135,1,21167,152739,UA,631, ,12, ,2,J,UA,631,DEN,PHX
135,2,50112,359732,UA,1458, ,1, ,2,J,UA,1458,PHX,SFO
135,3,150984,104443,UA,5794, ,7, ,1,J,UA,5794,SFO,LAX
136,1,55224,396294,UA,1561, ,13, ,1,J,UA,1561,DEN,SFO
136,2,27047,195832,UA,751, ,16, ,1,J,UA,751,SFO,LAS
136,3,92803,670256,UA,2282, ,20, ,1,J,UA,2282,LAS,LAX
137,1,141175,26546,UA,5298, ,2, ,1,J,UA,5298,DEN,PSC
137,2,146900,72088,UA,5578, ,2, ,1,J,UA,5578,PSC,SFO
137,3,150397,99861,UA,5759, ,6, ,1,J,UA,5759,SFO,LAX
138,1,21744,156972,UA,644, ,10, ,2,J,UA,644,DEN,PDX
138,2,153000,120474,UA,5938, ,7, ,1,J,UA,5938,PDX,SFO
138,3,150397,99861,UA,5759, ,6, ,1,J,UA,5759,SFO,LAX
139,1,97291,703511,UA,2367, ,12, ,1,J,UA,2367,DEN,SFO
139,2,20385,147023,UA,611, ,16, ,2,J,UA,611,SFO,LAS
139,3,58607,420737,UA,1631, ,18, ,1,J,UA,1631,LAS,LAX
140,1,48487,348223,UA,1415, ,6, ,1,J,UA,1415,DEN,SMF
140,2,151754,110540,UA,5840, ,3, ,1,J,UA,5840,SMF,SFO
140,3,150397,99861,UA,5759, ,6, ,1,J,UA,5759,SFO,LAX
141,1,153413,123726,UA,5964, ,3, ,1,J,UA,5964,DEN,BIH
141,2,146581,69554,UA,5560, ,3, ,1,J,UA,5560,BIH,SFO
141,3,150397,99861,UA,5759, ,6, ,1,J,UA,5759,SFO,LAX
142,1,60890,436779,UA,1686, ,2, ,1,J,UA,1686,DEN,PHX
142,2,50112,359732,UA,1458, ,1, ,2,J,UA,1458,PHX,SFO
142,3,150397,99861,UA,5759, ,6, ,1,J,UA,5759,SFO,LAX
143,1,146413,68207,UA,5554, ,2, ,1,J,UA,5554,DEN,SUN
143,2,135681,985937,UA,4788, ,2, ,1,J,UA,4788,SUN,SFO
143,3,150397,99861,UA,5759, ,6, ,1,J,UA,5759,SFO,LAX
144,1,134019,972886,UA,4701, ,5, ,1,J,UA,4701,DEN,RDD
144,2,144530,53411,UA,5452, ,5, ,1,J,UA,5452,RDD,SFO
144,3,150397,99861,UA,5759, ,6, ,1,J,UA,5759,SFO,LAX
145,1,55224,396294,UA,1561, ,13, ,1,J,UA,1561,DEN,SFO
145,2,144677,54570,UA,5461, ,7, ,1,J,UA,5461,SFO,RNO
145,3,152663,117791,UA,5908, ,4, ,1,J,UA,5908,RNO,LAX
146,1,85851,619140,UA,2167, ,6, ,2,J,UA,2167,DEN,RNO
146,2,79181,569877,UA,2042, ,19, ,1,J,UA,2042,RNO,SFO
146,3,150397,99861,UA,5759, ,6, ,1,J,UA,5759,SFO,LAX
147,1,85851,619140,UA,2167, ,6, ,2,J,UA,2167,DEN,RNO
147,2,135486,984392,UA,4779, ,5, ,1,J,UA,4779,RNO,SFO
147,3,150397,99861,UA,5759, ,6, ,1,J,UA,5759,SFO,LAX
148,1,97291,703511,UA,2367, ,12, ,1,J,UA,2367,DEN,SFO
148,2,153324,123032,UA,5958, ,2, ,1,J,UA,5958,SFO,FAT
148,3,141330,27752,UA,5307, ,4, ,1,J,UA,5307,FAT,LAX
149,1,97291,703511,UA,2367, ,12, ,1,J,UA,2367,DEN,SFO
149,2,139728,15363,UA,5220, ,2, ,1,J,UA,5220,SFO,SMF
149,3,65074,467660,UA,1759, ,2, ,1,J,UA,1759,SMF,LAX
150,1,145458,60702,UA,5506, ,3, ,1,J,UA,5506,DEN,ACV
150,2,133183,966334,UA,4655, ,3, ,1,J,UA,4655,ACV,SFO
150,3,150397,99861,UA,5759, ,6, ,1,J,UA,5759,SFO,LAX
151,1,145458,60702,UA,5506, ,3, ,1,J,UA,5506,DEN,ACV
151,2,146046,65281,UA,5539, ,4, ,1,J,UA,5539,ACV,SFO
151,3,150397,99861,UA,5759, ,6, ,1,J,UA,5759,SFO,LAX
152,1,73911,531418,UA,1940, ,2, ,2,J,UA,1940,DEN,SAN
152,2,83293,600069,UA,2117, ,9, ,1,J,UA,2117,SAN,SFO
152,3,150397,99861,UA,5759, ,6, ,1,J,UA,5759,SFO,LAX
153,1,81374,585911,UA,2082, ,4, ,1,J,UA,2082,DEN,RDM
153,2,91430,660243,UA,2262, ,2, ,1,J,UA,2262,RDM,SFO
153,3,150397,99861,UA,5759, ,6, ,1,J,UA,5759,SFO,LAX
154,1,5878,40686,UA,318, ,5, ,1,J,UA,318,DEN,EUG
154,2,81106,583907,UA,2077, ,6, ,1,J,UA,2077,EUG,SFO
154,3,150397,99861,UA,5759, ,6, ,1,J,UA,5759,SFO,LAX
155,1,135705,986118,UA,4789, ,4, ,1,J,UA,4789,DEN,MFR
155,2,135559,984969,UA,4782, ,5, ,1,J,UA,4782,MFR,SFO
155,3,150397,99861,UA,5759, ,6, ,1,J,UA,5759,SFO,LAX
156,1,135066,981074,UA,4756, ,3, ,1,J,UA,4756,DEN,SLC
156,2,75934,546598,UA,1972, ,8, ,1,J,UA,1972,SLC,SFO
156,3,34108,244241,UA,1097, ,19, ,3,J,UA,1097,SFO,LAX
157,1,135066,981074,UA,4756, ,3, ,1,J,UA,4756,DEN,SLC
157,2,149875,95730,UA,5732, ,8, ,1,J,UA,5732,SLC,SFO
157,3,34108,244241,UA,1097, ,19, ,3,J,UA,1097,SFO,LAX
158,1,106655,772449,UA,2624, ,4, ,1,J,UA,2624,DEN,LAS
158,2,67161,483088,UA,1799, ,11, ,2,J,UA,1799,LAS,SFO
158,3,34108,244241,UA,1097, ,19, ,3,J,UA,1097,SFO,LAX
159,1,106655,772449,UA,2624, ,4, ,1,J,UA,2624,DEN,LAS
159,2,79373,571223,UA,2047, ,19, ,2,J,UA,2047,LAS,SFO
159,3,34108,244241,UA,1097, ,19, ,3,J,UA,1097,SFO,LAX
160,1,56807,407922,UA,1593, ,14, ,2,J,UA,1593,DEN,PHX
160,2,50112,359732,UA,1458, ,1, ,2,J,UA,1458,PHX,SFO
160,3,34108,244241,UA,1097, ,19, ,3,J,UA,1097,SFO,LAX
161,1,146798,71292,UA,5572, ,4, ,1,J,UA,5572,DEN,SLC
161,2,86764,625963,UA,2181, ,5, ,1,J,UA,2181,SLC,SFO
161,3,86510,623990,UA,2179, ,18, ,3,J,UA,2179,SFO,LAX
162,1,146798,71292,UA,5572, ,4, ,1,J,UA,5572,DEN,SLC
162,2,149875,95730,UA,5732, ,8, ,1,J,UA,5732,SLC,SFO
162,3,86510,623990,UA,2179, ,18, ,3,J,UA,2179,SFO,LAX
163,1,38046,271940,UA,1204, ,7, ,1,J,UA,1204,DEN,TUS
163,2,154002,128370,UA,6006, ,4, ,1,J,UA,6006,TUS,SFO
163,3,86510,623990,UA,2179, ,18, ,3,J,UA,2179,SFO,LAX
164,1,135066,981074,UA,4756, ,3, ,1,J,UA,4756,DEN,SLC
164,2,75934,546598,UA,1972, ,8, ,1,J,UA,1972,SLC,SFO
164,3,67390,484821,UA,1800, ,16, ,1,J,UA,1800,SFO,LAX
165,1,135066,981074,UA,4756, ,3, ,1,J,UA,4756,DEN,SLC
165,2,149875,95730,UA,5732, ,8, ,1,J,UA,5732,SLC,SFO
165,3,67390,484821,UA,1800, ,16, ,1,J,UA,1800,SFO,LAX
166,1,106655,772449,UA,2624, ,4, ,1,J,UA,2624,DEN,LAS
166,2,67161,483088,UA,1799, ,11, ,2,J,UA,1799,LAS,SFO
166,3,67390,484821,UA,1800, ,16, ,1,J,UA,1800,SFO,LAX
167,1,106655,772449,UA,2624, ,4, ,1,J,UA,2624,DEN,LAS
167,2,79373,571223,UA,2047, ,19, ,2,J,UA,2047,LAS,SFO
167,3,67390,484821,UA,1800, ,16, ,1,J,UA,1800,SFO,LAX
168,1,56807,407922,UA,1593, ,14, ,2,J,UA,1593,DEN,PHX
168,2,50112,359732,UA,1458, ,1, ,2,J,UA,1458,PHX,SFO
168,3,67390,484821,UA,1800, ,16, ,1,J,UA,1800,SFO,LAX
169,1,141175,26546,UA,5298, ,2, ,1,J,UA,5298,DEN,PSC
169,2,146900,72088,UA,5578, ,2, ,1,J,UA,5578,PSC,SFO
169,3,150984,104443,UA,5794, ,7, ,1,J,UA,5794,SFO,LAX
170,1,21744,156972,UA,644, ,10, ,2,J,UA,644,DEN,PDX
170,2,153000,120474,UA,5938, ,7, ,1,J,UA,5938,PDX,SFO
170,3,150984,104443,UA,5794, ,7, ,1,J,UA,5794,SFO,LAX
171,1,48487,348223,UA,1415, ,6, ,1,J,UA,1415,DEN,SMF
171,2,151754,110540,UA,5840, ,3, ,1,J,UA,5840,SMF,SFO
171,3,150984,104443,UA,5794, ,7, ,1,J,UA,5794,SFO,LAX
172,1,14294,102837,UA,493, ,4, ,1,J,UA,493,DEN,LAS
172,2,40603,290123,UA,1267, ,6, ,1,J,UA,1267,LAS,SFO
172,3,86510,623990,UA,2179, ,18, ,3,J,UA,2179,SFO,LAX
173,1,14294,102837,UA,493, ,4, ,1,J,UA,493,DEN,LAS
173,2,57289,411341,UA,1603, ,11, ,1,J,UA,1603,LAS,SFO
173,3,86510,623990,UA,2179, ,18, ,3,J,UA,2179,SFO,LAX
174,1,14294,102837,UA,493, ,4, ,1,J,UA,493,DEN,LAS
174,2,79373,571223,UA,2047, ,19, ,2,J,UA,2047,LAS,SFO
174,3,86510,623990,UA,2179, ,18, ,3,J,UA,2179,SFO,LAX
175,1,28035,202871,UA,769, ,11, ,2,J,UA,769,DEN,SEA
175,2,48873,351074,UA,1424, ,8, ,1,J,UA,1424,SEA,SFO
175,3,150984,104443,UA,5794, ,7, ,1,J,UA,5794,SFO,LAX
176,1,21167,152739,UA,631, ,12, ,2,J,UA,631,DEN,PHX
176,2,50112,359732,UA,1458, ,1, ,2,J,UA,1458,PHX,SFO
176,3,86510,623990,UA,2179, ,18, ,3,J,UA,2179,SFO,LAX
177,1,21167,152739,UA,631, ,12, ,2,J,UA,631,DEN,PHX
177,2,76457,550411,UA,1986, ,19, ,1,J,UA,1986,PHX,SFO
177,3,86510,623990,UA,2179, ,18, ,3,J,UA,2179,SFO,LAX
178,1,98615,713253,UA,2391, ,13, ,1,J,UA,2391,DEN,SFO
178,2,56169,403267,UA,1578, ,13, ,2,J,UA,1578,SFO,SBA
178,3,148287,83130,UA,5647, ,2, ,1,J,UA,5647,SBA,LAX
179,1,153413,123726,UA,5964, ,3, ,1,J,UA,5964,DEN,BIH
179,2,146581,69554,UA,5560, ,3, ,1,J,UA,5560,BIH,SFO
179,3,150984,104443,UA,5794, ,7, ,1,J,UA,5794,SFO,LAX
180,1,60890,436779,UA,1686, ,2, ,1,J,UA,1686,DEN,PHX
180,2,50112,359732,UA,1458, ,1, ,2,J,UA,1458,PHX,SFO
180,3,150984,104443,UA,5794, ,7, ,1,J,UA,5794,SFO,LAX
181,1,35104,251291,UA,1125, ,2, ,1,J,UA,1125,DEN,BOI
181,2,135011,980617,UA,4753, ,2, ,1,J,UA,4753,BOI,SFO
181,3,150984,104443,UA,5794, ,7, ,1,J,UA,5794,SFO,LAX
182,1,146413,68207,UA,5554, ,2, ,1,J,UA,5554,DEN,SUN
182,2,135681,985937,UA,4788, ,2, ,1,J,UA,4788,SUN,SFO
182,3,150984,104443,UA,5794, ,7, ,1,J,UA,5794,SFO,LAX
183,1,134019,972886,UA,4701, ,5, ,1,J,UA,4701,DEN,RDD
183,2,144530,53411,UA,5452, ,5, ,1,J,UA,5452,RDD,SFO
183,3,150984,104443,UA,5794, ,7, ,1,J,UA,5794,SFO,LAX
184,1,134019,972886,UA,4701, ,5, ,1,J,UA,4701,DEN,RDD
184,2,147220,74675,UA,5592, ,2, ,1,J,UA,5592,RDD,SFO
184,3,150984,104443,UA,5794, ,7, ,1,J,UA,5794,SFO,LAX
185,1,98615,713253,UA,2391, ,13, ,1,J,UA,2391,DEN,SFO
185,2,20385,147023,UA,611, ,16, ,2,J,UA,611,SFO,LAS
185,3,147583,77586,UA,5612, ,18, ,1,J,UA,5612,LAS,LAX
186,1,85851,619140,UA,2167, ,6, ,2,J,UA,2167,DEN,RNO
186,2,79181,569877,UA,2042, ,19, ,1,J,UA,2042,RNO,SFO
186,3,150984,104443,UA,5794, ,7, ,1,J,UA,5794,SFO,LAX
187,1,85851,619140,UA,2167, ,6, ,2,J,UA,2167,DEN,RNO
187,2,135486,984392,UA,4779, ,5, ,1,J,UA,4779,RNO,SFO
187,3,150984,104443,UA,5794, ,7, ,1,J,UA,5794,SFO,LAX
188,1,85851,619140,UA,2167, ,6, ,2,J,UA,2167,DEN,RNO
188,2,140642,22445,UA,5264, ,11, ,1,J,UA,5264,RNO,SFO
188,3,150984,104443,UA,5794, ,7, ,1,J,UA,5794,SFO,LAX
189,1,145458,60702,UA,5506, ,3, ,1,J,UA,5506,DEN,ACV
189,2,133183,966334,UA,4655, ,3, ,1,J,UA,4655,ACV,SFO
189,3,150984,104443,UA,5794, ,7, ,1,J,UA,5794,SFO,LAX
190,1,145458,60702,UA,5506, ,3, ,1,J,UA,5506,DEN,ACV
190,2,146046,65281,UA,5539, ,4, ,1,J,UA,5539,ACV,SFO
190,3,150984,104443,UA,5794, ,7, ,1,J,UA,5794,SFO,LAX
191,1,73911,531418,UA,1940, ,2, ,2,J,UA,1940,DEN,SAN
191,2,83293,600069,UA,2117, ,9, ,1,J,UA,2117,SAN,SFO
191,3,150984,104443,UA,5794, ,7, ,1,J,UA,5794,SFO,LAX
192,1,73911,531418,UA,1940, ,2, ,2,J,UA,1940,DEN,SAN
192,2,85637,617548,UA,2163, ,20, ,3,J,UA,2163,SAN,SFO
192,3,150984,104443,UA,5794, ,7, ,1,J,UA,5794,SFO,LAX
193,1,39005,278850,UA,1224, ,7, ,1,J,UA,1224,DEN,SFO
193,2,152615,117452,UA,5904, ,1, ,1,J,UA,5904,SFO,FAT
193,3,9886,70648,UA,398, ,10, ,1,J,UA,398,FAT,LAX
194,1,81374,585911,UA,2082, ,4, ,1,J,UA,2082,DEN,RDM
194,2,91430,660243,UA,2262, ,2, ,1,J,UA,2262,RDM,SFO
194,3,150984,104443,UA,5794, ,7, ,1,J,UA,5794,SFO,LAX
195,1,5878,40686,UA,318, ,5, ,1,J,UA,318,DEN,EUG
195,2,81106,583907,UA,2077, ,6, ,1,J,UA,2077,EUG,SFO
195,3,150984,104443,UA,5794, ,7, ,1,J,UA,5794,SFO,LAX
196,1,135705,986118,UA,4789, ,4, ,1,J,UA,4789,DEN,MFR
196,2,135559,984969,UA,4782, ,5, ,1,J,UA,4782,MFR,SFO
196,3,150984,104443,UA,5794, ,7, ,1,J,UA,5794,SFO,LAX
197,1,135705,986118,UA,4789, ,4, ,1,J,UA,4789,DEN,MFR
197,2,152327,115194,UA,5883, ,5, ,1,J,UA,5883,MFR,SFO
197,3,150984,104443,UA,5794, ,7, ,1,J,UA,5794,SFO,LAX
198,1,98615,713253,UA,2391, ,13, ,1,J,UA,2391,DEN,SFO
198,2,145500,61016,UA,5509, ,3, ,1,J,UA,5509,SFO,PSP
198,3,147848,79710,UA,5626, ,6, ,1,J,UA,5626,PSP,LAX
199,1,98615,713253,UA,2391, ,13, ,1,J,UA,2391,DEN,SFO
199,2,86395,623131,UA,2177, ,8, ,1,J,UA,2177,SFO,SAN
199,3,145956,64561,UA,5533, ,4, ,1,J,UA,5533,SAN,LAX
200,1,135066,981074,UA,4756, ,3, ,1,J,UA,4756,DEN,SLC
200,2,75934,546598,UA,1972, ,8, ,1,J,UA,1972,SLC,SFO
200,3,150397,99861,UA,5759, ,6, ,1,J,UA,5759,SFO,LAX
201,1,135066,981074,UA,4756, ,3, ,1,J,UA,4756,DEN,SLC
201,2,149875,95730,UA,5732, ,8, ,1,J,UA,5732,SLC,SFO
201,3,150397,99861,UA,5759, ,6, ,1,J,UA,5759,SFO,LAX
202,1,39005,278850,UA,1224, ,7, ,1,J,UA,1224,DEN,SFO
202,2,144341,51876,UA,5446, ,3, ,1,J,UA,5446,SFO,SBP
202,3,152528,116761,UA,5897, ,8, ,1,J,UA,5897,SBP,LAX
203,1,39005,278850,UA,1224, ,7, ,1,J,UA,1224,DEN,SFO
203,2,84666,610337,UA,2142, ,11, ,1,J,UA,2142,SFO,SAN
203,3,134418,975996,UA,4723, ,3, ,1,J,UA,4723,SAN,LAX
204,1,106655,772449,UA,2624, ,4, ,1,J,UA,2624,DEN,LAS
204,2,67161,483088,UA,1799, ,11, ,2,J,UA,1799,LAS,SFO
204,3,150397,99861,UA,5759, ,6, ,1,J,UA,5759,SFO,LAX
205,1,106655,772449,UA,2624, ,4, ,1,J,UA,2624,DEN,LAS
205,2,79373,571223,UA,2047, ,19, ,2,J,UA,2047,LAS,SFO
205,3,150397,99861,UA,5759, ,6, ,1,J,UA,5759,SFO,LAX
206,1,56807,407922,UA,1593, ,14, ,2,J,UA,1593,DEN,PHX
206,2,50112,359732,UA,1458, ,1, ,2,J,UA,1458,PHX,SFO
206,3,150397,99861,UA,5759, ,6, ,1,J,UA,5759,SFO,LAX
207,1,39005,278850,UA,1224, ,7, ,1,J,UA,1224,DEN,SFO
207,2,99134,717120,UA,2400, ,10, ,2,J,UA,2400,SFO,LAS
207,3,79006,568560,UA,2039, ,7, ,1,J,UA,2039,LAS,LAX
208,1,145168,58444,UA,5487, ,4, ,1,J,UA,5487,DEN,ABQ
208,2,132600,961611,UA,4628, ,5, ,1,J,UA,4628,ABQ,SFO
208,3,34108,244241,UA,1097, ,19, ,3,J,UA,1097,SFO,LAX
209,1,152871,119444,UA,5927, ,5, ,1,J,UA,5927,DEN,BOI
209,2,134635,977675,UA,4733, ,6, ,1,J,UA,4733,BOI,SFO
209,3,34108,244241,UA,1097, ,19, ,3,J,UA,1097,SFO,LAX
210,1,152871,119444,UA,5927, ,5, ,1,J,UA,5927,DEN,BOI
210,2,141467,28866,UA,5312, ,5, ,1,J,UA,5312,BOI,SFO
210,3,34108,244241,UA,1097, ,19, ,3,J,UA,1097,SFO,LAX
211,1,84984,612745,UA,2149, ,4, ,1,J,UA,2149,DEN,SMF
211,2,140253,19304,UA,5248, ,2, ,1,J,UA,5248,SMF,SFO
211,3,34108,244241,UA,1097, ,19, ,3,J,UA,1097,SFO,LAX
212,1,84984,612745,UA,2149, ,4, ,1,J,UA,2149,DEN,SMF
212,2,151754,110540,UA,5840, ,3, ,1,J,UA,5840,SMF,SFO
212,3,34108,244241,UA,1097, ,19, ,3,J,UA,1097,SFO,LAX
213,1,39927,285450,UA,1247, ,4, ,1,J,UA,1247,DEN,PDX
213,2,28227,204197,UA,776, ,9, ,1,J,UA,776,PDX,SFO
213,3,34108,244241,UA,1097, ,19, ,3,J,UA,1097,SFO,LAX
214,1,39927,285450,UA,1247, ,4, ,1,J,UA,1247,DEN,PDX
214,2,153000,120474,UA,5938, ,7, ,1,J,UA,5938,PDX,SFO
214,3,34108,244241,UA,1097, ,19, ,3,J,UA,1097,SFO,LAX
215,1,50831,364375,UA,1481, ,2, ,1,J,UA,1481,DEN,PHX
215,2,50112,359732,UA,1458, ,1, ,2,J,UA,1458,PHX,SFO
215,3,34108,244241,UA,1097, ,19, ,3,J,UA,1097,SFO,LAX
216,1,50831,364375,UA,1481, ,2, ,1,J,UA,1481,DEN,PHX
216,2,106377,770439,UA,2619, ,8, ,1,J,UA,2619,PHX,SFO
216,3,34108,244241,UA,1097, ,19, ,3,J,UA,1097,SFO,LAX
217,1,149099,89534,UA,5686, ,5, ,1,J,UA,5686,DEN,TUS
217,2,147004,72895,UA,5583, ,7, ,1,J,UA,5583,TUS,SFO
217,3,34108,244241,UA,1097, ,19, ,3,J,UA,1097,SFO,LAX
218,1,19578,141280,UA,593, ,14, ,1,J,UA,593,DEN,SAN
218,2,65213,468629,UA,1763, ,6, ,1,J,UA,1763,SAN,SFO
218,3,34108,244241,UA,1097, ,19, ,3,J,UA,1097,SFO,LAX
219,1,19578,141280,UA,593, ,14, ,1,J,UA,593,DEN,SAN
219,2,83293,600069,UA,2117, ,9, ,1,J,UA,2117,SAN,SFO
219,3,34108,244241,UA,1097, ,19, ,3,J,UA,1097,SFO,LAX
220,1,19578,141280,UA,593, ,14, ,1,J,UA,593,DEN,SAN
220,2,94364,681971,UA,2309, ,5, ,1,J,UA,2309,SAN,SFO
220,3,34108,244241,UA,1097, ,19, ,3,J,UA,1097,SFO,LAX
221,1,91853,663223,UA,2271, ,4, ,1,J,UA,2271,DEN,SEA
221,2,50898,364867,UA,1482, ,26, ,1,J,UA,1482,SEA,SFO
221,3,34108,244241,UA,1097, ,19, ,3,J,UA,1097,SFO,LAX
222,1,145168,58444,UA,5487, ,4, ,1,J,UA,5487,DEN,ABQ
222,2,132600,961611,UA,4628, ,5, ,1,J,UA,4628,ABQ,SFO
222,3,67390,484821,UA,1800, ,16, ,1,J,UA,1800,SFO,LAX
223,1,152871,119444,UA,5927, ,5, ,1,J,UA,5927,DEN,BOI
223,2,134635,977675,UA,4733, ,6, ,1,J,UA,4733,BOI,SFO
223,3,67390,484821,UA,1800, ,16, ,1,J,UA,1800,SFO,LAX
224,1,152871,119444,UA,5927, ,5, ,1,J,UA,5927,DEN,BOI
224,2,141467,28866,UA,5312, ,5, ,1,J,UA,5312,BOI,SFO
224,3,67390,484821,UA,1800, ,16, ,1,J,UA,1800,SFO,LAX
225,1,84984,612745,UA,2149, ,4, ,1,J,UA,2149,DEN,SMF
225,2,140253,19304,UA,5248, ,2, ,1,J,UA,5248,SMF,SFO
225,3,67390,484821,UA,1800, ,16, ,1,J,UA,1800,SFO,LAX
226,1,84984,612745,UA,2149, ,4, ,1,J,UA,2149,DEN,SMF
226,2,151754,110540,UA,5840, ,3, ,1,J,UA,5840,SMF,SFO
226,3,67390,484821,UA,1800, ,16, ,1,J,UA,1800,SFO,LAX
227,1,141175,26546,UA,5298, ,2, ,1,J,UA,5298,DEN,PSC
227,2,146900,72088,UA,5578, ,2, ,1,J,UA,5578,PSC,SFO
227,3,86510,623990,UA,2179, ,18, ,3,J,UA,2179,SFO,LAX
228,1,21744,156972,UA,644, ,10, ,2,J,UA,644,DEN,PDX
228,2,106206,769184,UA,2615, ,10, ,1,J,UA,2615,PDX,SFO
228,3,86510,623990,UA,2179, ,18, ,3,J,UA,2179,SFO,LAX
229,1,21744,156972,UA,644, ,10, ,2,J,UA,644,DEN,PDX
229,2,153000,120474,UA,5938, ,7, ,1,J,UA,5938,PDX,SFO
229,3,86510,623990,UA,2179, ,18, ,3,J,UA,2179,SFO,LAX
230,1,39927,285450,UA,1247, ,4, ,1,J,UA,1247,DEN,PDX
230,2,28227,204197,UA,776, ,9, ,1,J,UA,776,PDX,SFO
230,3,67390,484821,UA,1800, ,16, ,1,J,UA,1800,SFO,LAX
231,1,39927,285450,UA,1247, ,4, ,1,J,UA,1247,DEN,PDX
231,2,153000,120474,UA,5938, ,7, ,1,J,UA,5938,PDX,SFO
231,3,67390,484821,UA,1800, ,16, ,1,J,UA,1800,SFO,LAX
232,1,50831,364375,UA,1481, ,2, ,1,J,UA,1481,DEN,PHX
232,2,50112,359732,UA,1458, ,1, ,2,J,UA,1458,PHX,SFO
232,3,67390,484821,UA,1800, ,16, ,1,J,UA,1800,SFO,LAX
233,1,50831,364375,UA,1481, ,2, ,1,J,UA,1481,DEN,PHX
233,2,106377,770439,UA,2619, ,8, ,1,J,UA,2619,PHX,SFO
233,3,67390,484821,UA,1800, ,16, ,1,J,UA,1800,SFO,LAX
234,1,149099,89534,UA,5686, ,5, ,1,J,UA,5686,DEN,TUS
234,2,147004,72895,UA,5583, ,7, ,1,J,UA,5583,TUS,SFO
234,3,67390,484821,UA,1800, ,16, ,1,J,UA,1800,SFO,LAX
235,1,19578,141280,UA,593, ,14, ,1,J,UA,593,DEN,SAN
235,2,65213,468629,UA,1763, ,6, ,1,J,UA,1763,SAN,SFO
235,3,67390,484821,UA,1800, ,16, ,1,J,UA,1800,SFO,LAX
236,1,19578,141280,UA,593, ,14, ,1,J,UA,593,DEN,SAN
236,2,83293,600069,UA,2117, ,9, ,1,J,UA,2117,SAN,SFO
236,3,67390,484821,UA,1800, ,16, ,1,J,UA,1800,SFO,LAX
237,1,19578,141280,UA,593, ,14, ,1,J,UA,593,DEN,SAN
237,2,94364,681971,UA,2309, ,5, ,1,J,UA,2309,SAN,SFO
237,3,67390,484821,UA,1800, ,16, ,1,J,UA,1800,SFO,LAX
238,1,91853,663223,UA,2271, ,4, ,1,J,UA,2271,DEN,SEA
238,2,50898,364867,UA,1482, ,26, ,1,J,UA,1482,SEA,SFO
238,3,67390,484821,UA,1800, ,16, ,1,J,UA,1800,SFO,LAX
239,1,48487,348223,UA,1415, ,6, ,1,J,UA,1415,DEN,SMF
239,2,151754,110540,UA,5840, ,3, ,1,J,UA,5840,SMF,SFO
239,3,86510,623990,UA,2179, ,18, ,3,J,UA,2179,SFO,LAX
240,1,48487,348223,UA,1415, ,6, ,1,J,UA,1415,DEN,SMF
240,2,153366,123359,UA,5961, ,6, ,1,J,UA,5961,SMF,SFO
240,3,86510,623990,UA,2179, ,18, ,3,J,UA,2179,SFO,LAX
241,1,28035,202871,UA,769, ,11, ,2,J,UA,769,DEN,SEA
241,2,26295,190326,UA,737, ,21, ,1,J,UA,737,SEA,SFO
241,3,86510,623990,UA,2179, ,18, ,3,J,UA,2179,SFO,LAX
242,1,28035,202871,UA,769, ,11, ,2,J,UA,769,DEN,SEA
242,2,48873,351074,UA,1424, ,8, ,1,J,UA,1424,SEA,SFO
242,3,86510,623990,UA,2179, ,18, ,3,J,UA,2179,SFO,LAX
243,1,65591,471318,UA,1770, ,5, ,2,J,UA,1770,DEN,PDX
243,2,147541,77252,UA,5611, ,9, ,1,J,UA,5611,PDX,SFO
243,3,133210,966548,UA,4656, ,8, ,1,J,UA,4656,SFO,LAX
244,1,153413,123726,UA,5964, ,3, ,1,J,UA,5964,DEN,BIH
244,2,146581,69554,UA,5560, ,3, ,1,J,UA,5560,BIH,SFO
244,3,86510,623990,UA,2179, ,18, ,3,J,UA,2179,SFO,LAX
245,1,4866,33571,UA,294, ,1, ,1,J,UA,294,DEN,SJD
245,2,36970,264403,UA,1174, ,2, ,1,J,UA,1174,SJD,SFO
245,3,150984,104443,UA,5794, ,7, ,1,J,UA,5794,SFO,LAX
246,1,60890,436779,UA,1686, ,2, ,1,J,UA,1686,DEN,PHX
246,2,50112,359732,UA,1458, ,1, ,2,J,UA,1458,PHX,SFO
246,3,86510,623990,UA,2179, ,18, ,3,J,UA,2179,SFO,LAX
247,1,60890,436779,UA,1686, ,2, ,1,J,UA,1686,DEN,PHX
247,2,76457,550411,UA,1986, ,19, ,1,J,UA,1986,PHX,SFO
247,3,86510,623990,UA,2179, ,18, ,3,J,UA,2179,SFO,LAX
248,1,35104,251291,UA,1125, ,2, ,1,J,UA,1125,DEN,BOI
248,2,135011,980617,UA,4753, ,2, ,1,J,UA,4753,BOI,SFO
248,3,86510,623990,UA,2179, ,18, ,3,J,UA,2179,SFO,LAX
249,1,146413,68207,UA,5554, ,2, ,1,J,UA,5554,DEN,SUN
249,2,135681,985937,UA,4788, ,2, ,1,J,UA,4788,SUN,SFO
249,3,86510,623990,UA,2179, ,18, ,3,J,UA,2179,SFO,LAX
250,1,37057,264977,UA,1177, ,4, ,1,J,UA,1177,DEN,TUS
250,2,154002,128370,UA,6006, ,4, ,1,J,UA,6006,TUS,SFO
250,3,86510,623990,UA,2179, ,18, ,3,J,UA,2179,SFO,LAX
251,1,134019,972886,UA,4701, ,5, ,1,J,UA,4701,DEN,RDD
251,2,144530,53411,UA,5452, ,5, ,1,J,UA,5452,RDD,SFO
251,3,86510,623990,UA,2179, ,18, ,3,J,UA,2179,SFO,LAX
252,1,134019,972886,UA,4701, ,5, ,1,J,UA,4701,DEN,RDD
252,2,147220,74675,UA,5592, ,2, ,1,J,UA,5592,RDD,SFO
252,3,86510,623990,UA,2179, ,18, ,3,J,UA,2179,SFO,LAX
253,1,39005,278850,UA,1224, ,7, ,1,J,UA,1224,DEN,SFO
253,2,64894,466282,UA,1757, ,7, ,2,J,UA,1757,SFO,RNO
253,3,147753,78949,UA,5621, ,2, ,1,J,UA,5621,RNO,LAX
254,1,113149,820404,UA,2852, ,13, ,2,J,UA,2852,DEN,RNO
254,2,74647,536907,UA,1954, ,8, ,1,J,UA,1954,RNO,SFO
254,3,133210,966548,UA,4656, ,8, ,1,J,UA,4656,SFO,LAX
255,1,85851,619140,UA,2167, ,6, ,2,J,UA,2167,DEN,RNO
255,2,79181,569877,UA,2042, ,19, ,1,J,UA,2042,RNO,SFO
255,3,86510,623990,UA,2179, ,18, ,3,J,UA,2179,SFO,LAX
256,1,85851,619140,UA,2167, ,6, ,2,J,UA,2167,DEN,RNO
256,2,135486,984392,UA,4779, ,5, ,1,J,UA,4779,RNO,SFO
256,3,86510,623990,UA,2179, ,18, ,3,J,UA,2179,SFO,LAX
257,1,85851,619140,UA,2167, ,6, ,2,J,UA,2167,DEN,RNO
257,2,140642,22445,UA,5264, ,11, ,1,J,UA,5264,RNO,SFO
257,3,86510,623990,UA,2179, ,18, ,3,J,UA,2179,SFO,LAX
258,1,135066,981074,UA,4756, ,3, ,1,J,UA,4756,DEN,SLC
258,2,75934,546598,UA,1972, ,8, ,1,J,UA,1972,SLC,SFO
258,3,150984,104443,UA,5794, ,7, ,1,J,UA,5794,SFO,LAX
259,1,135066,981074,UA,4756, ,3, ,1,J,UA,4756,DEN,SLC
259,2,149875,95730,UA,5732, ,8, ,1,J,UA,5732,SLC,SFO
259,3,150984,104443,UA,5794, ,7, ,1,J,UA,5794,SFO,LAX
260,1,57221,410841,UA,1602, ,5, ,2,J,UA,1602,DEN,SMF
260,2,144661,54442,UA,5460, ,3, ,1,J,UA,5460,SMF,SFO
260,3,133210,966548,UA,4656, ,8, ,1,J,UA,4656,SFO,LAX
261,1,145458,60702,UA,5506, ,3, ,1,J,UA,5506,DEN,ACV
261,2,133183,966334,UA,4655, ,3, ,1,J,UA,4655,ACV,SFO
261,3,86510,623990,UA,2179, ,18, ,3,J,UA,2179,SFO,LAX
262,1,145458,60702,UA,5506, ,3, ,1,J,UA,5506,DEN,ACV
262,2,146046,65281,UA,5539, ,4, ,1,J,UA,5539,ACV,SFO
262,3,86510,623990,UA,2179, ,18, ,3,J,UA,2179,SFO,LAX
263,1,73911,531418,UA,1940, ,2, ,2,J,UA,1940,DEN,SAN
263,2,83293,600069,UA,2117, ,9, ,1,J,UA,2117,SAN,SFO
263,3,86510,623990,UA,2179, ,18, ,3,J,UA,2179,SFO,LAX
264,1,73911,531418,UA,1940, ,2, ,2,J,UA,1940,DEN,SAN
264,2,85637,617548,UA,2163, ,20, ,3,J,UA,2163,SAN,SFO
264,3,86510,623990,UA,2179, ,18, ,3,J,UA,2179,SFO,LAX
265,1,73911,531418,UA,1940, ,2, ,2,J,UA,1940,DEN,SAN
265,2,92232,666034,UA,2278, ,17, ,1,J,UA,2278,SAN,SFO
265,3,86510,623990,UA,2179, ,18, ,3,J,UA,2179,SFO,LAX
266,1,106655,772449,UA,2624, ,4, ,1,J,UA,2624,DEN,LAS
266,2,57289,411341,UA,1603, ,11, ,1,J,UA,1603,LAS,SFO
266,3,150984,104443,UA,5794, ,7, ,1,J,UA,5794,SFO,LAX
267,1,106655,772449,UA,2624, ,4, ,1,J,UA,2624,DEN,LAS
267,2,67161,483088,UA,1799, ,11, ,2,J,UA,1799,LAS,SFO
267,3,150984,104443,UA,5794, ,7, ,1,J,UA,5794,SFO,LAX
268,1,106655,772449,UA,2624, ,4, ,1,J,UA,2624,DEN,LAS
268,2,79373,571223,UA,2047, ,19, ,2,J,UA,2047,LAS,SFO
268,3,150984,104443,UA,5794, ,7, ,1,J,UA,5794,SFO,LAX
269,1,81374,585911,UA,2082, ,4, ,1,J,UA,2082,DEN,RDM
269,2,91430,660243,UA,2262, ,2, ,1,J,UA,2262,RDM,SFO
269,3,86510,623990,UA,2179, ,18, ,3,J,UA,2179,SFO,LAX
270,1,81374,585911,UA,2082, ,4, ,1,J,UA,2082,DEN,RDM
270,2,145970,64676,UA,5534, ,2, ,1,J,UA,5534,RDM,SFO
270,3,86510,623990,UA,2179, ,18, ,3,J,UA,2179,SFO,LAX
271,1,5878,40686,UA,318, ,5, ,1,J,UA,318,DEN,EUG
271,2,81106,583907,UA,2077, ,6, ,1,J,UA,2077,EUG,SFO
271,3,86510,623990,UA,2179, ,18, ,3,J,UA,2179,SFO,LAX
272,1,135705,986118,UA,4789, ,4, ,1,J,UA,4789,DEN,MFR
272,2,135559,984969,UA,4782, ,5, ,1,J,UA,4782,MFR,SFO
272,3,86510,623990,UA,2179, ,18, ,3,J,UA,2179,SFO,LAX
273,1,135705,986118,UA,4789, ,4, ,1,J,UA,4789,DEN,MFR
273,2,152327,115194,UA,5883, ,5, ,1,J,UA,5883,MFR,SFO
273,3,86510,623990,UA,2179, ,18, ,3,J,UA,2179,SFO,LAX
274,1,56807,407922,UA,1593, ,14, ,2,J,UA,1593,DEN,PHX
274,2,50112,359732,UA,1458, ,1, ,2,J,UA,1458,PHX,SFO
274,3,150984,104443,UA,5794, ,7, ,1,J,UA,5794,SFO,LAX
275,1,115,792,UA,9, ,2, ,2,J,UA,9,DEN,SFO
275,2,152615,117452,UA,5904, ,1, ,1,J,UA,5904,SFO,FAT
275,3,9886,70648,UA,398, ,10, ,1,J,UA,398,FAT,LAX
276,1,39005,278850,UA,1224, ,7, ,1,J,UA,1224,DEN,SFO
276,2,99134,717120,UA,2400, ,10, ,2,J,UA,2400,SFO,LAS
276,3,108816,788261,UA,2667, ,15, ,1,J,UA,2667,LAS,LAX
277,1,39606,283244,UA,1236, ,12, ,2,J,UA,1236,DEN,PHX
277,2,60677,435308,UA,1678, ,20, ,1,J,UA,1678,PHX,SFO
277,3,133210,966548,UA,4656, ,8, ,1,J,UA,4656,SFO,LAX
278,1,145168,58444,UA,5487, ,4, ,1,J,UA,5487,DEN,ABQ
278,2,132600,961611,UA,4628, ,5, ,1,J,UA,4628,ABQ,SFO
278,3,150397,99861,UA,5759, ,6, ,1,J,UA,5759,SFO,LAX
279,1,98615,713253,UA,2391, ,13, ,1,J,UA,2391,DEN,SFO
279,2,20385,147023,UA,611, ,16, ,2,J,UA,611,SFO,LAS
279,3,92803,670256,UA,2282, ,20, ,1,J,UA,2282,LAS,LAX
280,1,98615,713253,UA,2391, ,13, ,1,J,UA,2391,DEN,SFO
280,2,27047,195832,UA,751, ,16, ,1,J,UA,751,SFO,LAS
280,3,92803,670256,UA,2282, ,20, ,1,J,UA,2282,LAS,LAX
281,1,148220,82595,UA,5646, ,5, ,1,J,UA,5646,DEN,SLC
281,2,135182,981967,UA,4763, ,6, ,1,J,UA,4763,SLC,SFO
281,3,133210,966548,UA,4656, ,8, ,1,J,UA,4656,SFO,LAX
282,1,115,792,UA,9, ,2, ,2,J,UA,9,DEN,SFO
282,2,144341,51876,UA,5446, ,3, ,1,J,UA,5446,SFO,SBP
282,3,152528,116761,UA,5897, ,8, ,1,J,UA,5897,SBP,LAX
283,1,115,792,UA,9, ,2, ,2,J,UA,9,DEN,SFO
283,2,114406,829878,UA,2866, ,8, ,1,J,UA,2866,SFO,SBA
283,3,133034,965108,UA,4649, ,3, ,1,J,UA,4649,SBA,LAX
284,1,115,792,UA,9, ,2, ,2,J,UA,9,DEN,SFO
284,2,84666,610337,UA,2142, ,11, ,1,J,UA,2142,SFO,SAN
284,3,134418,975996,UA,4723, ,3, ,1,J,UA,4723,SAN,LAX
285,1,152871,119444,UA,5927, ,5, ,1,J,UA,5927,DEN,BOI
285,2,134635,977675,UA,4733, ,6, ,1,J,UA,4733,BOI,SFO
285,3,150397,99861,UA,5759, ,6, ,1,J,UA,5759,SFO,LAX
286,1,152871,119444,UA,5927, ,5, ,1,J,UA,5927,DEN,BOI
286,2,141467,28866,UA,5312, ,5, ,1,J,UA,5312,BOI,SFO
286,3,150397,99861,UA,5759, ,6, ,1,J,UA,5759,SFO,LAX
287,1,97291,703511,UA,2367, ,12, ,1,J,UA,2367,DEN,SFO
287,2,56169,403267,UA,1578, ,13, ,2,J,UA,1578,SFO,SBA
287,3,148287,83130,UA,5647, ,2, ,1,J,UA,5647,SBA,LAX
288,1,97291,703511,UA,2367, ,12, ,1,J,UA,2367,DEN,SFO
288,2,149682,94187,UA,5719, ,2, ,1,J,UA,5719,SFO,SBA
288,3,148287,83130,UA,5647, ,2, ,1,J,UA,5647,SBA,LAX
289,1,84984,612745,UA,2149, ,4, ,1,J,UA,2149,DEN,SMF
289,2,140253,19304,UA,5248, ,2, ,1,J,UA,5248,SMF,SFO
289,3,150397,99861,UA,5759, ,6, ,1,J,UA,5759,SFO,LAX
290,1,84984,612745,UA,2149, ,4, ,1,J,UA,2149,DEN,SMF
290,2,151754,110540,UA,5840, ,3, ,1,J,UA,5840,SMF,SFO
290,3,150397,99861,UA,5759, ,6, ,1,J,UA,5759,SFO,LAX
291,1,39927,285450,UA,1247, ,4, ,1,J,UA,1247,DEN,PDX
291,2,28227,204197,UA,776, ,9, ,1,J,UA,776,PDX,SFO
291,3,150397,99861,UA,5759, ,6, ,1,J,UA,5759,SFO,LAX
292,1,39927,285450,UA,1247, ,4, ,1,J,UA,1247,DEN,PDX
292,2,153000,120474,UA,5938, ,7, ,1,J,UA,5938,PDX,SFO
292,3,150397,99861,UA,5759, ,6, ,1,J,UA,5759,SFO,LAX
293,1,115,792,UA,9, ,2, ,2,J,UA,9,DEN,SFO
293,2,99134,717120,UA,2400, ,10, ,2,J,UA,2400,SFO,LAS
293,3,79006,568560,UA,2039, ,7, ,1,J,UA,2039,LAS,LAX
294,1,50831,364375,UA,1481, ,2, ,1,J,UA,1481,DEN,PHX
294,2,50112,359732,UA,1458, ,1, ,2,J,UA,1458,PHX,SFO
294,3,150397,99861,UA,5759, ,6, ,1,J,UA,5759,SFO,LAX
295,1,50831,364375,UA,1481, ,2, ,1,J,UA,1481,DEN,PHX
295,2,106377,770439,UA,2619, ,8, ,1,J,UA,2619,PHX,SFO
295,3,150397,99861,UA,5759, ,6, ,1,J,UA,5759,SFO,LAX
296,1,149099,89534,UA,5686, ,5, ,1,J,UA,5686,DEN,TUS
296,2,147004,72895,UA,5583, ,7, ,1,J,UA,5583,TUS,SFO
296,3,150397,99861,UA,5759, ,6, ,1,J,UA,5759,SFO,LAX
297,1,19578,141280,UA,593, ,14, ,1,J,UA,593,DEN,SAN
297,2,65213,468629,UA,1763, ,6, ,1,J,UA,1763,SAN,SFO
297,3,150397,99861,UA,5759, ,6, ,1,J,UA,5759,SFO,LAX
298,1,19578,141280,UA,593, ,14, ,1,J,UA,593,DEN,SAN
298,2,83293,600069,UA,2117, ,9, ,1,J,UA,2117,SAN,SFO
298,3,150397,99861,UA,5759, ,6, ,1,J,UA,5759,SFO,LAX
299,1,91853,663223,UA,2271, ,4, ,1,J,UA,2271,DEN,SEA
299,2,50898,364867,UA,1482, ,26, ,1,J,UA,1482,SEA,SFO
299,3,150397,99861,UA,5759, ,6, ,1,J,UA,5759,SFO,LAX
300,1,98615,713253,UA,2391, ,13, ,1,J,UA,2391,DEN,SFO
300,2,94996,686540,UA,2322, ,7, ,2,J,UA,2322,SFO,RNO
300,3,152663,117791,UA,5908, ,4, ,1,J,UA,5908,RNO,LAX
301,1,98615,713253,UA,2391, ,13, ,1,J,UA,2391,DEN,SFO
301,2,144677,54570,UA,5461, ,7, ,1,J,UA,5461,SFO,RNO
301,3,152663,117791,UA,5908, ,4, ,1,J,UA,5908,RNO,LAX
302,1,98615,713253,UA,2391, ,13, ,1,J,UA,2391,DEN,SFO
302,2,149477,92544,UA,5707, ,2, ,1,J,UA,5707,SFO,RNO
302,3,152663,117791,UA,5908, ,4, ,1,J,UA,5908,RNO,LAX
303,1,97291,703511,UA,2367, ,12, ,1,J,UA,2367,DEN,SFO
303,2,20385,147023,UA,611, ,16, ,2,J,UA,611,SFO,LAS
303,3,147583,77586,UA,5612, ,18, ,1,J,UA,5612,LAS,LAX
304,1,97291,703511,UA,2367, ,12, ,1,J,UA,2367,DEN,SFO
304,2,149015,88907,UA,5681, ,2, ,1,J,UA,5681,SFO,SBP
304,3,149854,95563,UA,5731, ,2, ,1,J,UA,5731,SBP,LAX
305,1,97291,703511,UA,2367, ,12, ,1,J,UA,2367,DEN,SFO
305,2,145500,61016,UA,5509, ,3, ,1,J,UA,5509,SFO,PSP
305,3,147848,79710,UA,5626, ,6, ,1,J,UA,5626,PSP,LAX
306,1,97291,703511,UA,2367, ,12, ,1,J,UA,2367,DEN,SFO
306,2,86395,623131,UA,2177, ,8, ,1,J,UA,2177,SFO,SAN
306,3,145956,64561,UA,5533, ,4, ,1,J,UA,5533,SAN,LAX
307,1,97291,703511,UA,2367, ,12, ,1,J,UA,2367,DEN,SFO
307,2,98616,713261,UA,2391, ,13, ,2,J,UA,2391,SFO,SAN
307,3,145956,64561,UA,5533, ,4, ,1,J,UA,5533,SAN,LAX
308,1,4866,33571,UA,294, ,1, ,1,J,UA,294,DEN,SJD
308,2,36970,264403,UA,1174, ,2, ,1,J,UA,1174,SJD,SFO
308,3,86510,623990,UA,2179, ,18, ,3,J,UA,2179,SFO,LAX
309,1,115,792,UA,9, ,2, ,2,J,UA,9,DEN,SFO
309,2,154317,130851,UA,6027, ,1, ,1,J,UA,6027,SFO,BOI
309,3,134581,977269,UA,4730, ,5, ,1,J,UA,4730,BOI,LAX
310,1,135066,981074,UA,4756, ,3, ,1,J,UA,4756,DEN,SLC
310,2,75934,546598,UA,1972, ,8, ,1,J,UA,1972,SLC,SFO
310,3,86510,623990,UA,2179, ,18, ,3,J,UA,2179,SFO,LAX
311,1,135066,981074,UA,4756, ,3, ,1,J,UA,4756,DEN,SLC
311,2,149875,95730,UA,5732, ,8, ,1,J,UA,5732,SLC,SFO
311,3,86510,623990,UA,2179, ,18, ,3,J,UA,2179,SFO,LAX
312,1,115,792,UA,9, ,2, ,2,J,UA,9,DEN,SFO
312,2,64894,466282,UA,1757, ,7, ,2,J,UA,1757,SFO,RNO
312,3,147753,78949,UA,5621, ,2, ,1,J,UA,5621,RNO,LAX
313,1,145168,58444,UA,5487, ,4, ,1,J,UA,5487,DEN,ABQ
313,2,132600,961611,UA,4628, ,5, ,1,J,UA,4628,ABQ,SFO
313,3,150984,104443,UA,5794, ,7, ,1,J,UA,5794,SFO,LAX
314,1,152871,119444,UA,5927, ,5, ,1,J,UA,5927,DEN,BOI
314,2,141467,28866,UA,5312, ,5, ,1,J,UA,5312,BOI,SFO
314,3,150984,104443,UA,5794, ,7, ,1,J,UA,5794,SFO,LAX
315,1,106655,772449,UA,2624, ,4, ,1,J,UA,2624,DEN,LAS
315,2,57289,411341,UA,1603, ,11, ,1,J,UA,1603,LAS,SFO
315,3,86510,623990,UA,2179, ,18, ,3,J,UA,2179,SFO,LAX
316,1,106655,772449,UA,2624, ,4, ,1,J,UA,2624,DEN,LAS
316,2,67161,483088,UA,1799, ,11, ,2,J,UA,1799,LAS,SFO
316,3,86510,623990,UA,2179, ,18, ,3,J,UA,2179,SFO,LAX
317,1,106655,772449,UA,2624, ,4, ,1,J,UA,2624,DEN,LAS
317,2,79373,571223,UA,2047, ,19, ,2,J,UA,2047,LAS,SFO
317,3,86510,623990,UA,2179, ,18, ,3,J,UA,2179,SFO,LAX
318,1,56807,407922,UA,1593, ,14, ,2,J,UA,1593,DEN,PHX
318,2,50112,359732,UA,1458, ,1, ,2,J,UA,1458,PHX,SFO
318,3,86510,623990,UA,2179, ,18, ,3,J,UA,2179,SFO,LAX
319,1,83770,603542,UA,2123, ,8, ,2,J,UA,2123,DEN,SFO
319,2,62414,447981,UA,1712, ,5, ,1,J,UA,1712,SFO,SAN
319,3,143009,41190,UA,5384, ,6, ,1,J,UA,5384,SAN,LAX
320,1,84984,612745,UA,2149, ,4, ,1,J,UA,2149,DEN,SMF
320,2,151754,110540,UA,5840, ,3, ,1,J,UA,5840,SMF,SFO
320,3,150984,104443,UA,5794, ,7, ,1,J,UA,5794,SFO,LAX
321,1,70378,506261,UA,1865, ,10, ,2,J,UA,1865,DEN,SEA
321,2,148930,88243,UA,5676, ,12, ,1,J,UA,5676,SEA,SFO
321,3,133210,966548,UA,4656, ,8, ,1,J,UA,4656,SFO,LAX
322,1,39927,285450,UA,1247, ,4, ,1,J,UA,1247,DEN,PDX
322,2,28227,204197,UA,776, ,9, ,1,J,UA,776,PDX,SFO
322,3,150984,104443,UA,5794, ,7, ,1,J,UA,5794,SFO,LAX
323,1,39927,285450,UA,1247, ,4, ,1,J,UA,1247,DEN,PDX
323,2,153000,120474,UA,5938, ,7, ,1,J,UA,5938,PDX,SFO
323,3,150984,104443,UA,5794, ,7, ,1,J,UA,5794,SFO,LAX
324,1,115,792,UA,9, ,2, ,2,J,UA,9,DEN,SFO
324,2,99134,717120,UA,2400, ,10, ,2,J,UA,2400,SFO,LAS
324,3,108816,788261,UA,2667, ,15, ,1,J,UA,2667,LAS,LAX
325,1,50831,364375,UA,1481, ,2, ,1,J,UA,1481,DEN,PHX
325,2,50112,359732,UA,1458, ,1, ,2,J,UA,1458,PHX,SFO
325,3,150984,104443,UA,5794, ,7, ,1,J,UA,5794,SFO,LAX
326,1,149099,89534,UA,5686, ,5, ,1,J,UA,5686,DEN,TUS
326,2,147004,72895,UA,5583, ,7, ,1,J,UA,5583,TUS,SFO
326,3,150984,104443,UA,5794, ,7, ,1,J,UA,5794,SFO,LAX
327,1,19578,141280,UA,593, ,14, ,1,J,UA,593,DEN,SAN
327,2,65213,468629,UA,1763, ,6, ,1,J,UA,1763,SAN,SFO
327,3,150984,104443,UA,5794, ,7, ,1,J,UA,5794,SFO,LAX
328,1,19578,141280,UA,593, ,14, ,1,J,UA,593,DEN,SAN
328,2,83293,600069,UA,2117, ,9, ,1,J,UA,2117,SAN,SFO
328,3,150984,104443,UA,5794, ,7, ,1,J,UA,5794,SFO,LAX
329,1,91853,663223,UA,2271, ,4, ,1,J,UA,2271,DEN,SEA
329,2,48873,351074,UA,1424, ,8, ,1,J,UA,1424,SEA,SFO
329,3,150984,104443,UA,5794, ,7, ,1,J,UA,5794,SFO,LAX
330,1,91853,663223,UA,2271, ,4, ,1,J,UA,2271,DEN,SEA
330,2,50898,364867,UA,1482, ,26, ,1,J,UA,1482,SEA,SFO
330,3,150984,104443,UA,5794, ,7, ,1,J,UA,5794,SFO,LAX
331,1,107024,775115,UA,2633, ,2, ,1,J,UA,2633,DEN,SFO
331,2,152615,117452,UA,5904, ,1, ,1,J,UA,5904,SFO,FAT
331,3,9886,70648,UA,398, ,10, ,1,J,UA,398,FAT,LAX
332,1,107024,775115,UA,2633, ,2, ,1,J,UA,2633,DEN,SFO
332,2,144341,51876,UA,5446, ,3, ,1,J,UA,5446,SFO,SBP
332,3,152528,116761,UA,5897, ,8, ,1,J,UA,5897,SBP,LAX
333,1,107024,775115,UA,2633, ,2, ,1,J,UA,2633,DEN,SFO
333,2,114406,829878,UA,2866, ,8, ,1,J,UA,2866,SFO,SBA
333,3,133034,965108,UA,4649, ,3, ,1,J,UA,4649,SBA,LAX
334,1,107024,775115,UA,2633, ,2, ,1,J,UA,2633,DEN,SFO
334,2,84666,610337,UA,2142, ,11, ,1,J,UA,2142,SFO,SAN
334,3,134418,975996,UA,4723, ,3, ,1,J,UA,4723,SAN,LAX
335,1,107024,775115,UA,2633, ,2, ,1,J,UA,2633,DEN,SFO
335,2,99134,717120,UA,2400, ,10, ,2,J,UA,2400,SFO,LAS
335,3,79006,568560,UA,2039, ,7, ,1,J,UA,2039,LAS,LAX
336,1,97291,703511,UA,2367, ,12, ,1,J,UA,2367,DEN,SFO
336,2,20385,147023,UA,611, ,16, ,2,J,UA,611,SFO,LAS
336,3,92803,670256,UA,2282, ,20, ,1,J,UA,2282,LAS,LAX
337,1,97291,703511,UA,2367, ,12, ,1,J,UA,2367,DEN,SFO
337,2,94996,686540,UA,2322, ,7, ,2,J,UA,2322,SFO,RNO
337,3,152663,117791,UA,5908, ,4, ,1,J,UA,5908,RNO,LAX
338,1,97291,703511,UA,2367, ,12, ,1,J,UA,2367,DEN,SFO
338,2,149477,92544,UA,5707, ,2, ,1,J,UA,5707,SFO,RNO
338,3,152663,117791,UA,5908, ,4, ,1,J,UA,5908,RNO,LAX
339,1,145168,58444,UA,5487, ,4, ,1,J,UA,5487,DEN,ABQ
339,2,132600,961611,UA,4628, ,5, ,1,J,UA,4628,ABQ,SFO
339,3,86510,623990,UA,2179, ,18, ,3,J,UA,2179,SFO,LAX
340,1,84984,612745,UA,2149, ,4, ,1,J,UA,2149,DEN,SMF
340,2,151754,110540,UA,5840, ,3, ,1,J,UA,5840,SMF,SFO
340,3,86510,623990,UA,2179, ,18, ,3,J,UA,2179,SFO,LAX
341,1,107024,775115,UA,2633, ,2, ,1,J,UA,2633,DEN,SFO
341,2,154317,130851,UA,6027, ,1, ,1,J,UA,6027,SFO,BOI
341,3,134581,977269,UA,4730, ,5, ,1,J,UA,4730,BOI,LAX
342,1,138476,5827,UA,5056, ,2, ,1,J,UA,5056,DEN,YQR
342,2,187294,277016,UA,8357, ,7, ,1,J,AC,8189,YQR,YVR
342,3,188515,283716,UA,8440, ,2, ,1,J,AC,552,YVR,LAX
343,1,39927,285450,UA,1247, ,4, ,1,J,UA,1247,DEN,PDX
343,2,28227,204197,UA,776, ,9, ,1,J,UA,776,PDX,SFO
343,3,86510,623990,UA,2179, ,18, ,3,J,UA,2179,SFO,LAX
344,1,39927,285450,UA,1247, ,4, ,1,J,UA,1247,DEN,PDX
344,2,153000,120474,UA,5938, ,7, ,1,J,UA,5938,PDX,SFO
344,3,86510,623990,UA,2179, ,18, ,3,J,UA,2179,SFO,LAX
345,1,50831,364375,UA,1481, ,2, ,1,J,UA,1481,DEN,PHX
345,2,50112,359732,UA,1458, ,1, ,2,J,UA,1458,PHX,SFO
345,3,86510,623990,UA,2179, ,18, ,3,J,UA,2179,SFO,LAX
346,1,149099,89534,UA,5686, ,5, ,1,J,UA,5686,DEN,TUS
346,2,147004,72895,UA,5583, ,7, ,1,J,UA,5583,TUS,SFO
346,3,86510,623990,UA,2179, ,18, ,3,J,UA,2179,SFO,LAX
347,1,19578,141280,UA,593, ,14, ,1,J,UA,593,DEN,SAN
347,2,83293,600069,UA,2117, ,9, ,1,J,UA,2117,SAN,SFO
347,3,86510,623990,UA,2179, ,18, ,3,J,UA,2179,SFO,LAX
348,1,91853,663223,UA,2271, ,4, ,1,J,UA,2271,DEN,SEA
348,2,48873,351074,UA,1424, ,8, ,1,J,UA,1424,SEA,SFO
348,3,86510,623990,UA,2179, ,18, ,3,J,UA,2179,SFO,LAX
349,1,107024,775115,UA,2633, ,2, ,1,J,UA,2633,DEN,SFO
349,2,64894,466282,UA,1757, ,7, ,2,J,UA,1757,SFO,RNO
349,3,147753,78949,UA,5621, ,2, ,1,J,UA,5621,RNO,LAX
350,1,107024,775115,UA,2633, ,2, ,1,J,UA,2633,DEN,SFO
350,2,99134,717120,UA,2400, ,10, ,2,J,UA,2400,SFO,LAS
350,3,108816,788261,UA,2667, ,15, ,1,J,UA,2667,LAS,LAX
351,1,65591,471318,UA,1770, ,5, ,2,J,UA,1770,DEN,PDX
351,2,147541,77252,UA,5611, ,9, ,1,J,UA,5611,PDX,SFO
351,3,52675,377957,UA,1506, ,19, ,2,J,UA,1506,SFO,LAX
352,1,67915,488547,UA,1812, ,3, ,1,J,UA,1812,DEN,SFO
352,2,152615,117452,UA,5904, ,1, ,1,J,UA,5904,SFO,FAT
352,3,9886,70648,UA,398, ,10, ,1,J,UA,398,FAT,LAX
353,1,113149,820404,UA,2852, ,13, ,2,J,UA,2852,DEN,RNO
353,2,74647,536907,UA,1954, ,8, ,1,J,UA,1954,RNO,SFO
353,3,52675,377957,UA,1506, ,19, ,2,J,UA,1506,SFO,LAX
354,1,57221,410841,UA,1602, ,5, ,2,J,UA,1602,DEN,SMF
354,2,144661,54442,UA,5460, ,3, ,1,J,UA,5460,SMF,SFO
354,3,52675,377957,UA,1506, ,19, ,2,J,UA,1506,SFO,LAX
355,1,67915,488547,UA,1812, ,3, ,1,J,UA,1812,DEN,SFO
355,2,144341,51876,UA,5446, ,3, ,1,J,UA,5446,SFO,SBP
355,3,152528,116761,UA,5897, ,8, ,1,J,UA,5897,SBP,LAX
356,1,67915,488547,UA,1812, ,3, ,1,J,UA,1812,DEN,SFO
356,2,114406,829878,UA,2866, ,8, ,1,J,UA,2866,SFO,SBA
356,3,133034,965108,UA,4649, ,3, ,1,J,UA,4649,SBA,LAX
357,1,67915,488547,UA,1812, ,3, ,1,J,UA,1812,DEN,SFO
357,2,84666,610337,UA,2142, ,11, ,1,J,UA,2142,SFO,SAN
357,3,134418,975996,UA,4723, ,3, ,1,J,UA,4723,SAN,LAX
358,1,69131,497378,UA,1835, ,3, ,1,J,UA,1835,DEN,SAN
358,2,62746,450339,UA,1721, ,11, ,1,J,UA,1721,SAN,SFO
358,3,52675,377957,UA,1506, ,19, ,2,J,UA,1506,SFO,LAX
359,1,67915,488547,UA,1812, ,3, ,1,J,UA,1812,DEN,SFO
359,2,99134,717120,UA,2400, ,10, ,2,J,UA,2400,SFO,LAS
359,3,79006,568560,UA,2039, ,7, ,1,J,UA,2039,LAS,LAX
360,1,39606,283244,UA,1236, ,12, ,2,J,UA,1236,DEN,PHX
360,2,60677,435308,UA,1678, ,20, ,1,J,UA,1678,PHX,SFO
360,3,52675,377957,UA,1506, ,19, ,2,J,UA,1506,SFO,LAX
361,1,138476,5827,UA,5056, ,2, ,1,J,UA,5056,DEN,YQR
361,2,187294,277016,UA,8357, ,7, ,1,J,AC,8189,YQR,YVR
361,3,183627,256998,UA,8098, ,1, ,1,J,AC,554,YVR,LAX
362,1,148220,82595,UA,5646, ,5, ,1,J,UA,5646,DEN,SLC
362,2,135182,981967,UA,4763, ,6, ,1,J,UA,4763,SLC,SFO
362,3,52675,377957,UA,1506, ,19, ,2,J,UA,1506,SFO,LAX
363,1,67915,488547,UA,1812, ,3, ,1,J,UA,1812,DEN,SFO
363,2,154317,130851,UA,6027, ,1, ,1,J,UA,6027,SFO,BOI
363,3,134581,977269,UA,4730, ,5, ,1,J,UA,4730,BOI,LAX
364,1,67915,488547,UA,1812, ,3, ,1,J,UA,1812,DEN,SFO
364,2,64894,466282,UA,1757, ,7, ,2,J,UA,1757,SFO,RNO
364,3,147753,78949,UA,5621, ,2, ,1,J,UA,5621,RNO,LAX
365,1,67915,488547,UA,1812, ,3, ,1,J,UA,1812,DEN,SFO
365,2,99134,717120,UA,2400, ,10, ,2,J,UA,2400,SFO,LAS
365,3,108816,788261,UA,2667, ,15, ,1,J,UA,2667,LAS,LAX
366,1,70378,506261,UA,1865, ,10, ,2,J,UA,1865,DEN,SEA
366,2,148930,88243,UA,5676, ,12, ,1,J,UA,5676,SEA,SFO
366,3,52675,377957,UA,1506, ,19, ,2,J,UA,1506,SFO,LAX
367,1,55224,396294,UA,1561, ,13, ,1,J,UA,1561,DEN,SFO
367,2,114406,829878,UA,2866, ,8, ,1,J,UA,2866,SFO,SBA
367,3,133034,965108,UA,4649, ,3, ,1,J,UA,4649,SBA,LAX
368,1,55224,396294,UA,1561, ,13, ,1,J,UA,1561,DEN,SFO
368,2,154317,130851,UA,6027, ,1, ,1,J,UA,6027,SFO,BOI
368,3,134581,977269,UA,4730, ,5, ,1,J,UA,4730,BOI,LAX
369,1,138476,5827,UA,5056, ,2, ,1,J,UA,5056,DEN,YQR
369,2,187294,277016,UA,8357, ,7, ,1,J,AC,8189,YQR,YVR
369,3,191053,297480,UA,8628, ,1, ,1,J,AC,556,YVR,LAX
